{
  "episodes": 40,
  "reward_mean": 4873.1307906985285,
  "reward_std": 2730.958553880685,
  "length_mean": 57479.1,
  "length_std": 29987.921491660607,
  "passes_mean": 916.3,
  "passes_std": 482.8645876433682,
  "wins_total": 15,
  "win_rate": 0.375
}